cher8832,Chandika,Herath,Chandika.Herath@syscolabs.com
cxweb013,cxweb013,SyscoLabtestid,cxweb013.SyscoLabtestid@sysco.com
iasa0862,Indunil,Asanka,iasa0862@sysco.com
jgaj0739,Jayani,Gajanayake,Jayani.Gajanayake@syscolabs.com
ohem1180,Osanda,Hemachandra,osanda.hemachandra@syscolabs.com
test0000,explFN,explLN,expl@sysco.com
